# file:line	test	linux duration ms	macOS duration ms	attachments per OS	result both OS	retry both OS
bot-safety.spec.ts:30	Bot Studio retains refused saves; accepted saves leave once — 960 light	1981	4079	1	passed	0
bot-safety.spec.ts:102	Preview Bot shares saved look, draft, pause and activity — 960 light	8850	8642	1	passed	0
bot-safety.spec.ts:30	Bot Studio retains refused saves; accepted saves leave once — 960 dark	1976	1924	1	passed	0
bot-safety.spec.ts:102	Preview Bot shares saved look, draft, pause and activity — 960 dark	9004	8037	1	passed	0
bot-safety.spec.ts:30	Bot Studio retains refused saves; accepted saves leave once — 1440 light	1296	1943	1	passed	0
bot-safety.spec.ts:102	Preview Bot shares saved look, draft, pause and activity — 1440 light	6610	7236	1	passed	0
bot-safety.spec.ts:30	Bot Studio retains refused saves; accepted saves leave once — 1440 dark	994	1944	1	passed	0
bot-safety.spec.ts:102	Preview Bot shares saved look, draft, pause and activity — 1440 dark	6326	7165	1	passed	0
bot-safety.spec.ts:194	Bot onboarding does not navigate after leaving preview	892	1479	0	passed	0
bot-safety.spec.ts:211	Preview Bot locale reset and live-mode boundary	1626	2166	0	passed	0
chrome.spec.ts:8	native window chrome and en menu	683	1368	0	passed	0
chrome.spec.ts:8	native window chrome and fr menu	720	1192	0	passed	0
chrome.spec.ts:42	reduced-motion startup inherits themed text immediately	1108	1268	0	passed	0
components.spec.ts:4	Components catalog: families, variants and three-preview ceiling (light)	61800	36445	0	passed	0
components.spec.ts:4	Components catalog: families, variants and three-preview ceiling (dark)	64394	35625	0	passed	0
components.spec.ts:63	Components catalog: keyboard, clipboard and local demos at minimum window (light)	3225	2492	0	passed	0
components.spec.ts:63	Components catalog: keyboard, clipboard and local demos at minimum window (dark)	3350	2561	0	passed	0
composer-safety.spec.ts:25	Code keeps cancelled and no-model drafts, locks pending submits — light	2502	2268	2	passed	0
composer-safety.spec.ts:85	Work and Bot drafts survive engine refusal; accepted sends clear once — light	5724	5746	3	passed	0
composer-safety.spec.ts:25	Code keeps cancelled and no-model drafts, locks pending submits — dark	2359	2025	2	passed	0
composer-safety.spec.ts:85	Work and Bot drafts survive engine refusal; accepted sends clear once — dark	6692	5569	3	passed	0
engine.spec.ts:11	MCP connection material stays in main across save, reload and removal	767	1289	0	passed	0
engine.spec.ts:38	models.dev catalog is listed and searchable through the bridge	1090	1266	0	passed	0
engine.spec.ts:52	streamed exchange with a thinking- and image-capable model	1816	1894	0	passed	0
engine.spec.ts:104	an image is refused for a model without image input	1043	1223	0	passed	0
frozen-composer.spec.ts:24	frozen preview actions and same-URL Chat/Code history — light	5602	5594	2	passed	0
frozen-composer.spec.ts:147	live composer capsule geometry, locale labels and attachment safety — light	4357	4290	1	passed	0
frozen-composer.spec.ts:24	frozen preview actions and same-URL Chat/Code history — dark	6517	5236	2	passed	0
frozen-composer.spec.ts:147	live composer capsule geometry, locale labels and attachment safety — dark	5519	4228	1	passed	0
interaction-states.spec.ts:18	frozen interaction end states — 960 light	12544	10243	3	passed	0
interaction-states.spec.ts:18	frozen interaction end states — 960 dark	12485	10161	3	passed	0
interaction-states.spec.ts:18	frozen interaction end states — 1440 light	12112	11426	2	passed	0
interaction-states.spec.ts:18	frozen interaction end states — 1440 dark	11847	11795	2	passed	0
keyboard.spec.ts:4	hidden navigation cannot receive focus; theme radios and Undo work from the keyboard	4081	4247	4	passed	0
keyboard.spec.ts:130	frozen shell motion settles, latest tab wins and hidden menus close	8812	7902	2	passed	0
navigation.spec.ts:4	Back cancels a pending tab choice even when its label matches an older request	3865	3510	0	passed	0
navigation.spec.ts:46	a newer keyboard tab choice survives the previous route commit	2966	2501	0	passed	0
navigation.spec.ts:79	a pending route commit preserves the outgoing Work tree and restores Bot activity	955	1655	0	passed	0
navigation.spec.ts:118	anchors, native menus and history preserve routes, variants and chat identities	12858	9244	0	passed	0
responsive.spec.ts:10	Work board columns and cards remain reachable — 960 light	2877	3016	0	passed	0
responsive.spec.ts:10	Work board columns and cards remain reachable — 960 dark	2838	2928	0	passed	0
responsive.spec.ts:10	Work board columns and cards remain reachable — 1024 light	2514	2968	0	passed	0
responsive.spec.ts:10	Work board columns and cards remain reachable — 1024 dark	2626	3049	0	passed	0
responsive.spec.ts:10	Work board columns and cards remain reachable — 1440 light	2536	2922	0	passed	0
responsive.spec.ts:10	Work board columns and cards remain reachable — 1440 dark	2596	2943	0	passed	0
responsive.spec.ts:76	preview navigation loads fixtures and catches startup URL changes	1025	1376	0	passed	0
responsive.spec.ts:108	review, diff, canvas and computer controls remain reachable in small desktop windows	7152	6753	0	passed	0
screens.spec.ts:10	every design screen and state renders	102351	81148	0	passed	0
ui-flows.spec.ts:19	a provider key saved in Settings shows only its last four characters	1583	1627	0	passed	0
ui-flows.spec.ts:26	streamed exchange with thinking and an image, driven from the composer	4342	3734	0	passed	0
ui-flows.spec.ts:64	rejected sends keep the draft and attachments; retry resends the image	10905	11502	6	passed	0
