# platform	file name	SHA-256	dimensions	review
e2e-linux	bot-draft-kept-dark.png	39f0ecb9a17c3671e957eb6a64154342be8f3fee038839a02bd104c5b7e5a472	960x640	contact-sheet
e2e-linux	bot-draft-kept-light.png	eca0e851f02b85564bcc3088e89eebeadc575721f6a22cc3e6b6b670c4adc9fd	960x640	contact-sheet
e2e-linux	bot-save-refused-1440-dark.png	66e05116f2f65c027113c30d25992af0b2152223a7b41f3e14519535619bfa7d	1440x900	contact-sheet
e2e-linux	bot-save-refused-1440-light.png	7d5964d3fb6b16a629644d91c0341d470ba81f3eb09e3ff00eedf025402e0408	1440x900	contact-sheet+full-size
e2e-linux	bot-save-refused-960-dark.png	9008d8d1c3681cb35de86ec552cfb89c6810cea384bb88904e27d8e4a1049f70	960x640	contact-sheet
e2e-linux	bot-save-refused-960-light.png	4d83e5cb78fcaefd3a8c74232df1ccf8b943bf69459e979194e30128dadffae3	960x640	contact-sheet
e2e-linux	chat-draft-kept-dark.png	784b5268556c5df2c36f4c005aaf03e053e5b42ce36fbacbffbe7e72090a1513	960x640	contact-sheet+full-size
e2e-linux	chat-draft-kept-light.png	d7c736fb48dcda045b7eea8cf1965dbe623acb2742ebcffecb6ae9976a3ccd33	960x640	contact-sheet
e2e-linux	code-draft-kept-dark.png	05184733e2e759f0374a0dbd588b06256b7c312e3c0637de6e7a177c42219abc	960x640	contact-sheet
e2e-linux	code-draft-kept-light.png	96f557facbaf695f6a137b891fdc1c5b290b2f93b0e3f8b478a1000c9e41f99d	960x640	contact-sheet
e2e-linux	code-session-draft-kept-dark.png	ffa32313feee97ea163d07f43c1f8bd6b2c0b690262cbcfc72c5007ce99bd7af	960x640	contact-sheet+full-size
e2e-linux	code-session-draft-kept-light.png	929112eb2dce5688a311eb8f8a1946dea33bae1423e0b98deadc7156881dfd15	960x640	contact-sheet
e2e-linux	draft-kept-dark.png	263a78543ab2ac733ee6d8b0c55bb6e53504891718b0e6f0f37bce243c1f1981	960x640	contact-sheet
e2e-linux	draft-kept-light.png	128021ab8890b2ce75b44c9b13ee966b98837a626843cbf0ffe276a1d6e39e69	960x640	contact-sheet+full-size
e2e-linux	frozen-chat-history-dark.png	41b28999250ae3cd606bb8666e24057c04853218ec80b5de9764a40ef513496d	960x640	contact-sheet
e2e-linux	frozen-chat-history-light.png	703ad5c82f9d7b082018c956d9c6c01ecbab8d949933213a3157d61297e3e9b9	960x640	contact-sheet
e2e-linux	frozen-code-history-dark.png	f9e1d28dc2ff62b26509be57917a787b06ec9d474e2e51c156d5c8e57412220c	960x640	contact-sheet
e2e-linux	frozen-code-history-light.png	48ce48e15560a2560912ce518f3b168aa96b6cec32c12c6364a14f21fe1c83af	960x640	contact-sheet
e2e-linux	frozen-focus-dark.png	2ee38642c16e6e67eb0a181a79edb5f09d588d6de7af43ee726eadae800fe729	1440x900	contact-sheet
e2e-linux	frozen-live-capsule-dark.png	0aac5a4b1116136c46aa4c5dd940dbdf0e5ed51bced30f391fd14804c6a41e3d	960x640	contact-sheet
e2e-linux	frozen-live-capsule-light.png	b5db5084ccb4076cf32e0e4bc2875742a04f12a067da59ebc7494e80c3de9b7d	960x640	contact-sheet
e2e-linux	frozen-theme-dark.png	d827da925a43d458d798106b62f66f47a75e2664dc4d59253c4b9fd193ac5927	1440x900	contact-sheet+full-size
e2e-linux	history-image-refusal-dark.png	b9c29d314ef22cd3c6838e579fcfeb0913abbe093273d2385dd49ce7be0375b4	960x640	contact-sheet
e2e-linux	history-image-refusal-light.png	b57b0bb654b98474533ed2799de772f7b3d0474d7ebff725430e368d48350132	960x640	contact-sheet
e2e-linux	image-compare-quarter-960-dark.png	08e3f6a9031f0eaea6330329d271171f6c7d97df8f51cea8fdae32c49ef3daeb	960x640	contact-sheet
e2e-linux	image-compare-quarter-960-light.png	5fe54a7eb912c03d0324970527b74d4118d60e5916c080367012b042d8d4e67b	960x640	contact-sheet
e2e-linux	kanban-dropped-1440-dark.png	d9b1a5cfc0891e4fde73d599e79d6602b5af4fc15c3bef1d1135c13279840f92	1440x900	contact-sheet
e2e-linux	kanban-dropped-1440-light.png	91b48e579b27683da5eeeefef6189672f389c2707e9fa2ca895fd344a99cfdca	1440x900	contact-sheet
e2e-linux	keyboard-dark.png	1d3bb40d0c43ab33dfeacbab8fe3bc3f0cab80534db8566448c380d80ab093ba	960x640	contact-sheet
e2e-linux	keyboard-light.png	489a38bec81184dcca1b68caf72ddb6b97bb0ba4d8c968aef5c9ef6c34cd49cf	960x640	contact-sheet
e2e-linux	mascot-paused-1440-dark.png	4c8cac7524acff4937f6cbbeefb0d410f2489e1f071f391d54b437ea8f0582ed	1440x900	contact-sheet
e2e-linux	mascot-paused-1440-light.png	457bc2421e2ce78fa25a0e2ba0ca3f572c9d0b9940dbc24f54d3e17bed8067b4	1440x900	contact-sheet
e2e-linux	preview-bot-shared-1440-dark.png	595dfe6dec1ceda833920ba1e2843f4c184552cb5eff693f9394770d6d84c953	1440x900	contact-sheet
e2e-linux	preview-bot-shared-1440-light.png	da223e3ed5430f54e48ec2c9fad331854e555a9f408f7ee190d3e5b7ed83c24b	1440x900	contact-sheet
e2e-linux	preview-bot-shared-960-dark.png	2cf8f2a374e671aa26a99c497640efe95c5d6f736a8040bdc8c26c54c79d50bf	960x640	contact-sheet
e2e-linux	preview-bot-shared-960-light.png	5ce468259c5dd91a4a8f642dc75dc34510fd6d37d217051a0cae8065b4d63360	960x640	contact-sheet
e2e-linux	reasoning-expanded-960-dark.png	dc05d4658f732c8060bef421aaea6f59fe3a93cf5bec1568c3126951c94167c3	960x640	contact-sheet
e2e-linux	reasoning-expanded-960-light.png	0a7db0d9cfc946b106a45b8f765da4534936ddb8656c62fe4318cbf4b58f3072	960x640	contact-sheet+full-size
e2e-linux	undo-dark.png	0e7576e98e12ea6e83214c6b6f9c3065cbefb2d8663cc04cb32c72431c4686b7	960x640	contact-sheet+full-size
e2e-linux	undo-light.png	f432fd81dbd2f044c68a0a8fa2fe16846c23e119629518cd0423f70aa37f1dc2	960x640	contact-sheet
e2e-linux	upload-drop-ready-960-dark.png	5f78405154f08ad341c862ee0a562b2dc8d9d03cfae3344e4a311d2edcc6da1a	960x640	contact-sheet
e2e-linux	upload-drop-ready-960-light.png	c925013964e7db4d4e533f583e0328924751f6fc7e23316f56755291004b1148	960x640	contact-sheet
e2e-linux	work-draft-kept-dark.png	cc2dcde7bb476c66287db51f5af88a60fd84544f83a6c2aab454bc443d83b1be	960x640	contact-sheet
e2e-linux	work-draft-kept-light.png	b8ee733139e44747ad2d9f333634cd95f032d719e95cedaa518d414e38be43b2	960x640	contact-sheet
e2e-linux	work-task-draft-kept-dark.png	7588dda30ff3dd29da95e6887688b87cc719cd1f3a463544c599461ee777b09e	960x640	contact-sheet
e2e-linux	work-task-draft-kept-light.png	2a70abb1c569d3209e152cfeb70bc3492497fdc0626128ed673a52914799bc6c	960x640	contact-sheet+full-size
macos	bot-draft-kept-dark.png	fa1897cbbe1db1549889316f0b8959c6a4965f60ac0bd1930b24155bc7437f9f	960x640	contact-sheet
macos	bot-draft-kept-light.png	04e150b08067b82120f8b4460954a786c7185813dcb483c00c5cadffb0b9bdf4	960x640	contact-sheet
macos	bot-save-refused-1440-dark.png	8abb6a59511773d88a7305d8531c297fc9df00e7d5a87ab4d817b615921f251b	1440x900	contact-sheet
macos	bot-save-refused-1440-light.png	bdc931cb695b8b8b2448a08a463bb5ebc397abc1a8ccee8558f32e54848d0b9a	1440x900	contact-sheet
macos	bot-save-refused-960-dark.png	b7a4d547c982298143ca2cae6528dab7f80d17bd7606c334c6aaf542245f59fe	960x640	contact-sheet+full-size
macos	bot-save-refused-960-light.png	21130d64a460f6156d80274f0eba503adf6856b4aa1a01549c4f51542d7700d3	960x640	contact-sheet
macos	chat-draft-kept-dark.png	7eb15598b00701e7d0e3734b6efae71346c002e18aa6ff63e7b0241dc253a8b2	960x640	contact-sheet+full-size
macos	chat-draft-kept-light.png	9d6318cc260adecf33d53e037c1f37246b6e5dd2a784d5c7c2f88140b030e133	960x640	contact-sheet+full-size
macos	code-draft-kept-dark.png	24249c2f9e103a6a17d4e1c89aed1d38ae268f0e476d4a76edc88b066161ed49	960x640	contact-sheet
macos	code-draft-kept-light.png	eea26f1b9525c4353d387d07bf436050deeaa84f28877e3704cdde75043cb5a2	960x640	contact-sheet
macos	code-session-draft-kept-dark.png	9411e1922dde8cf2b92981408278cf428ed3904f4e5e609a95e5e703eb52dba1	960x640	contact-sheet
macos	code-session-draft-kept-light.png	7d43ce02035df20fa435c8f52736ccc35a2f78fb3c4d22ff044ab15c55f700f1	960x640	contact-sheet
macos	draft-kept-dark.png	c8401da81f6a8a088d14a661a881c555c96e07dfa3100819e21e2e9e07da57b7	960x640	contact-sheet
macos	draft-kept-light.png	5b4ec8d43cd855fbefc377bed84ddcf376e6de1f96d6a66e325ede32c83bba16	960x640	contact-sheet
macos	frozen-chat-history-dark.png	4ab67cf6bdcf26a352d6cde449e67e8a840d0aca85005cecdcdee1b1832d4f2a	960x640	contact-sheet
macos	frozen-chat-history-light.png	ac590945fa9fa3977783c450f11dcb16efc52cc53666bb1cbee3dda00040c17b	960x640	contact-sheet+full-size
macos	frozen-code-history-dark.png	2863da3d874645e37b5bcc9eb9ca3ae91f59b65a9a64cba4473a71642f3e6364	960x640	contact-sheet+full-size
macos	frozen-code-history-light.png	27af5816b7085bd72ade8fb62dc2d5515816916800e0809adba1768aad9c8cbb	960x640	contact-sheet
macos	frozen-focus-dark.png	e0a6b5082be977d2da9cc6ae6000692440ae3e17eade0466c86ad0e711f8dd02	1440x900	contact-sheet+full-size
macos	frozen-live-capsule-dark.png	2dbc6fd5833bfb11f5523dbd07c954dd058dc7d9e5037b815f7eb41025e8e71e	960x640	contact-sheet+full-size
macos	frozen-live-capsule-light.png	f8fcfb583c6bfe892f98a63bebd8d8aa1aa56b2b6b42170092815bfb33bb995f	960x640	contact-sheet
macos	frozen-theme-dark.png	fbe571e54b2341c211fdd3cba592b0ed1308bfbe2575f46906674d13c5b3cfc7	1440x900	contact-sheet+full-size
macos	history-image-refusal-dark.png	7b5a9ef9d94c7644e8380e195edf9cda8c7a8f744289f3f585f8645472bdd190	960x640	contact-sheet+full-size
macos	history-image-refusal-light.png	0740e6ed8eedcf90a6354ca7f1965378495b5b157c6ba29cc5995217fe1b8564	960x640	contact-sheet+full-size
macos	image-compare-quarter-960-dark.png	f1c3c736f8abfa6ad7b2fb4ae5b5e68a0fdb79d7831ac95387ff02149888a9ef	960x640	contact-sheet
macos	image-compare-quarter-960-light.png	a2960d3f4ee466cec9cfb5a7198d5999c3f8ad181b97fba0e17f2de0ca31e102	960x640	contact-sheet
macos	kanban-dropped-1440-dark.png	ed66884d1ec09c1a5f61da1818bef5540d7e6b1d715afebb77439af6b3813d2f	1440x900	contact-sheet
macos	kanban-dropped-1440-light.png	2a1de44c02be6d858b3b3bf9733d8d1a62b5711042c16f2378003fc3e3155959	1440x900	contact-sheet
macos	keyboard-dark.png	0f7f95b03acf8e66fb5eb38fe7ef3745ad7d87cfce63667ddff846baa4963f10	960x640	contact-sheet
macos	keyboard-light.png	1c64b34ee9a45d31d5d8475c0500bbfa00f9364fb2ec2769a7af6aaeffab5833	960x640	contact-sheet
macos	mascot-paused-1440-dark.png	2daabdbafc11eebc04887102ce77b7437d1dcfd0cf58530ae20dabb221f8ed39	1440x900	contact-sheet
macos	mascot-paused-1440-light.png	686e1a9789467fa7256f7c1c30a8398464789859dd306c16383125f869f2c370	1440x900	contact-sheet
macos	preview-bot-shared-1440-dark.png	f80a084ece3fb51727e11b297970857ec0ddf315b480e7dc0678de05247cb269	1440x900	contact-sheet
macos	preview-bot-shared-1440-light.png	bbe2b7c13d931c6667f010aa0bf1a2dbe672b86a08c92674f893c2c414bd76b6	1440x900	contact-sheet
macos	preview-bot-shared-960-dark.png	df491ec48f77c14b4d991808aafe4146e317ced6f5d93ff34ed1d589315d3e04	960x640	contact-sheet
macos	preview-bot-shared-960-light.png	50e8c85fd52fc009bf55379c8bfb93d95e102916b04b2c1db8328b7fac9abbd6	960x640	contact-sheet
macos	reasoning-expanded-960-dark.png	c04432cab2bb94c398b0f35e94885b4c49ae4ce7ef6f02effd0fc932ed813745	960x640	contact-sheet
macos	reasoning-expanded-960-light.png	7326be0f598bc80a8461eab3f968e61bf2bc97d48a2f1f7c2778632f721604eb	960x640	contact-sheet
macos	undo-dark.png	abd086e580640316db596d0cabe0aacff487ee4d19a12d54f884b4564f154d11	960x640	contact-sheet
macos	undo-light.png	1dc2c44e2d06213c35e088ff9ab329589bbf7bcf7165b2ca2cc3c24905bdf1eb	960x640	contact-sheet
macos	upload-drop-ready-960-dark.png	8909cb401524b6ba970543348041ed91c4955e9f2d7fd7c291a0f5f05621df84	960x640	contact-sheet
macos	upload-drop-ready-960-light.png	66a0b868fb575f254a8f4b242f60d40e0d1f1a17bcefbaaba793a810172bfe0c	960x640	contact-sheet
macos	work-draft-kept-dark.png	7837521247b06a54010d2d7413573ed7c6141193fa5ab7ff038331f7c80d03bc	960x640	contact-sheet
macos	work-draft-kept-light.png	8cc0c2879fae54c7312fc0d9267d38908ab8591aa43de18e36a7f695c1d8066f	960x640	contact-sheet
macos	work-task-draft-kept-dark.png	76f14874dfb6b24b6bd66e3391f3a492763135a05fa3ba21039403f2e3994b28	960x640	contact-sheet+full-size
macos	work-task-draft-kept-light.png	90f8665532f4d6f55efa80d7f108841212d310d13584d20d7e2a89f6bdea92a7	960x640	contact-sheet
macos	smoke-renderer.png	bb69536bf3b15ff6bd53db88c9c3197711ef1a5cae4ac36e2036e35deb0651da	1440x900	full-size
