artifact	name	bytes	sha256	pixels	artifact_member	retained_path	review
e2e-linux	provider-key-960-light	75320	941bcf809cddb39a8e18237b3511d56dd8cd19a8a655a168076b9f3ed6b66dfa	960x640	test-results/artifacts/ui-flows-provider-key-save-0b34e-moval-stay-readable-—-light/attachments/provider-key-960-light-a179569a82d06decd4feac63f31f85af5fe9b675.png	images/e2e-linux/provider-key-960-light.png	full-size; PASS scoped row
e2e-linux	provider-key-1024-light	76834	0935c91b7d599d29e05c16ae143155ee20758623c0284af88764459d07031354	1024x640	test-results/artifacts/ui-flows-provider-key-save-0b34e-moval-stay-readable-—-light/attachments/provider-key-1024-light-311b041247e4e9a4b5315e9f39e16c692899bade.png	images/e2e-linux/provider-key-1024-light.png	full-size; PASS scoped row
e2e-linux	provider-key-1440-light	99293	68048d353f37373ef5b8b2d8be791ffb1ae19666a95b2333117f072b5633e807	1440x900	test-results/artifacts/ui-flows-provider-key-save-0b34e-moval-stay-readable-—-light/attachments/provider-key-1440-light-1f14e7d22437f6ed32fbf4df58624f914bf57ab8.png	images/e2e-linux/provider-key-1440-light.png	full-size; PASS scoped row
e2e-linux	provider-key-960-dark	74539	0be4ac3b77ac3eef2efc86600b20b8cf2e0b18a9da9670cb26765850c5bcdff2	960x640	test-results/artifacts/ui-flows-provider-key-save-468c9-emoval-stay-readable-—-dark/attachments/provider-key-960-dark-8c6eea5892b379caba09746bf35c46de2b42d60d.png	images/e2e-linux/provider-key-960-dark.png	full-size; PASS scoped row
e2e-linux	provider-key-1024-dark	76230	5b59fbb6b4a8064cf5789be62b65e298c85c9ae5010ed8b566678514ef872b48	1024x640	test-results/artifacts/ui-flows-provider-key-save-468c9-emoval-stay-readable-—-dark/attachments/provider-key-1024-dark-51f16958fe13c96c66ac540a563001731903cefa.png	images/e2e-linux/provider-key-1024-dark.png	full-size; PASS scoped row
e2e-linux	provider-key-1440-dark	98692	4ee7c864321df70f68316e3729b2a3ef242a150c1729ab92178dbfe4d5a28c72	1440x900	test-results/artifacts/ui-flows-provider-key-save-468c9-emoval-stay-readable-—-dark/attachments/provider-key-1440-dark-9f537d5441c6301a9d0fa135eddf0568df55aecb.png	images/e2e-linux/provider-key-1440-dark.png	full-size; PASS scoped row
e2e-linux	draft-kept-light	53751	128021ab8890b2ce75b44c9b13ee966b98837a626843cbf0ffe276a1d6e39e69	960x640	test-results/artifacts/ui-flows-rejected-sends-ke-f168b-nts-retry-resends-the-image/attachments/draft-kept-light-4ddc382281773d8798ddc23c5471a32aaf379e46.png	images/e2e-linux/draft-kept-light.png	full-size; PASS source minimum shell
e2e-linux	draft-kept-dark	54780	263a78543ab2ac733ee6d8b0c55bb6e53504891718b0e6f0f37bce243c1f1981	960x640	test-results/artifacts/ui-flows-rejected-sends-ke-f168b-nts-retry-resends-the-image/attachments/draft-kept-dark-a1193c631ac041df6315ff0b857f44041bfc5b52.png	images/e2e-linux/draft-kept-dark.png	full-size; PASS source minimum shell
macos	provider-key-960-light	74653	15c96a809048d28d3bff7d61991ef06add76f53c1c8db779710c765f24e32612	960x640	test-results/artifacts/ui-flows-provider-key-save-0b34e-moval-stay-readable-—-light/attachments/provider-key-960-light-2b9a98d8d629693e0d46aee206ad77544af84dba.png	images/macos/provider-key-960-light.png	full-size; PASS scoped row
macos	provider-key-1024-light	76201	75f38b3df90c514dabf29223c6b06b13916461067cd53ec949613807d54cf2d5	1024x640	test-results/artifacts/ui-flows-provider-key-save-0b34e-moval-stay-readable-—-light/attachments/provider-key-1024-light-282cce917b1c82f8056398e571ed7c9834c20ba3.png	images/macos/provider-key-1024-light.png	full-size; PASS scoped row
macos	provider-key-1440-light	100649	c46e6ccb6644d2daee4ff32dbb2375617a9ec159821ddc8b0334885898f6d155	1440x900	test-results/artifacts/ui-flows-provider-key-save-0b34e-moval-stay-readable-—-light/attachments/provider-key-1440-light-7e48029b2d3eefc5c11ca9c99deafe69a5d03ed2.png	images/macos/provider-key-1440-light.png	full-size; PASS scoped row
macos	provider-key-960-dark	73458	50003e61408220a5810a90474659ecdbfc75fbb66f6b8aa39c8b33f67749347c	960x640	test-results/artifacts/ui-flows-provider-key-save-468c9-emoval-stay-readable-—-dark/attachments/provider-key-960-dark-6f17208a2f65bc36692e9727487df69c8fdd7da7.png	images/macos/provider-key-960-dark.png	full-size; PASS scoped row
macos	provider-key-1024-dark	75024	b244a7ec0667ab976282aa9037c238a61c42997f9c97827394e0f14e34ab7d24	1024x640	test-results/artifacts/ui-flows-provider-key-save-468c9-emoval-stay-readable-—-dark/attachments/provider-key-1024-dark-1b0b5241753fa985ae17823d979222665e321824.png	images/macos/provider-key-1024-dark.png	full-size; PASS scoped row
macos	provider-key-1440-dark	99121	ab107d2e2b9ee6772eef0987cefa2672c16d68c2f88780ca67ba92c8402e56bb	1440x900	test-results/artifacts/ui-flows-provider-key-save-468c9-emoval-stay-readable-—-dark/attachments/provider-key-1440-dark-ea9f5768611fdf5a934a8872202f62a047906f64.png	images/macos/provider-key-1440-dark.png	full-size; PASS scoped row
macos	draft-kept-light	52194	5b4ec8d43cd855fbefc377bed84ddcf376e6de1f96d6a66e325ede32c83bba16	960x640	test-results/artifacts/ui-flows-rejected-sends-ke-f168b-nts-retry-resends-the-image/attachments/draft-kept-light-5eec97be8a5f60fb80c997127e3d7ba7563688ce.png	images/macos/draft-kept-light.png	full-size; PASS source minimum shell
macos	draft-kept-dark	52409	c8401da81f6a8a088d14a661a881c555c96e07dfa3100819e21e2e9e07da57b7	960x640	test-results/artifacts/ui-flows-rejected-sends-ke-f168b-nts-retry-resends-the-image/attachments/draft-kept-dark-5cc317cd31a4d60f0fd0080e9a5dc9ea954b8df3.png	images/macos/draft-kept-dark.png	full-size; PASS source minimum shell
macos	smoke-renderer	46065	bb69536bf3b15ff6bd53db88c9c3197711ef1a5cae4ac36e2036e35deb0651da	1440x900	out/smoke-renderer.png	images/macos/smoke-renderer.png	full-size; PASS packaged renderer; native screen capture failed
